{
  "_id": {
    "$oid": "671babc0c6cc4cfb8b337014"
  },
  "name": "Md Ashikur",
  "description": "dafdf",
  "brand": "sdfad",
  "slug": "Md-Ashikur",
  "category": {
    "$oid": "62d69f9e60276c9915a995b8"
  },
  "subCategories": [
    {
      "$oid": "671b9587c6cc4cfb8b336fbd"
    }
  ],
  "details": [
    {
      "name": "11",
      "value": "11",
      "_id": {
        "$oid": "671babc0c6cc4cfb8b337015"
      }
    },
    {
      "name": "11",
      "value": "11",
      "_id": {
        "$oid": "671babc0c6cc4cfb8b337016"
      }
    }
  ],
  "questions": [
    {
      "question": "11",
      "answer": "11",
      "_id": {
        "$oid": "671babc0c6cc4cfb8b337017"
      }
    },
    {
      "question": "11",
      "answer": "11",
      "_id": {
        "$oid": "671babc0c6cc4cfb8b337018"
      }
    }
  ],
  "refundPolicy": "30 days",
  "rating": 0,
  "numReviews": 0,
  "shipping": 0,
  "subProducts": [
    {
      "sku": "asdfasdf",
      "images": [
        {
          "url": "",
          "public_url": "product images/pn7sqkisellfwaif15vu"
        },
        {
          "url": "https://res.cloudinary.com/dkzmosvei/image/upload/v1729866686/product%20images/bnh2o76ohodiebvljxwb.jpg",
          "public_url": "product images/bnh2o76ohodiebvljxwb"
        },
        {
          "url": "https://res.cloudinary.com/dkzmosvei/image/upload/v1729866688/product%20images/icukqmsqslbkf6nwydyj.jpg",
          "public_url": "product images/icukqmsqslbkf6nwydyj"
        }
      ],
      "description_images": [],
      "color": {
        "color": "#e09c60",
        "image": "https://res.cloudinary.com/dkzmosvei/image/upload/v1729866689/product%20style%20images/i85mm0pmhm63pd2fqbgv.jpg"
      },
      "sizes": [
        {
          "size": "Split King",
          "qty": 11,
          "price": 11,
          "_id": {
            "$oid": "671babc0c6cc4cfb8b33701a"
          }
        }
      ],
      "discount": 0,
      "sold": 0,
      "_id": {
        "$oid": "671babc0c6cc4cfb8b337019"
      }
    },
    {
      "sku": "43423",
      "images": [
        {
          "url": "https://res.cloudinary.com/dkzmosvei/image/upload/v1729866920/product%20images/w20opyuzwpda0kjcpjiz.jpg",
          "public_url": "product images/w20opyuzwpda0kjcpjiz"
        },
        {
          "url": "https://res.cloudinary.com/dkzmosvei/image/upload/v1729866922/product%20images/uxftdtrmg7nkjm66p1fj.jpg",
          "public_url": "product images/uxftdtrmg7nkjm66p1fj"
        },
        {
          "url": "https://res.cloudinary.com/dkzmosvei/image/upload/v1729866923/product%20images/tlrccwqc0nbuqsmgamvl.jpg",
          "public_url": "product images/tlrccwqc0nbuqsmgamvl"
        }
      ],
      "description_images": [],
      "color": {
        "color": "#3cc3b4",
        "image": "https://res.cloudinary.com/dkzmosvei/image/upload/v1729866924/product%20style%20images/mvdukiiyza8sz16akuji.jpg"
      },
      "sizes": [
        {
          "size": "M",
          "qty": 7655647,
          "price": 546756,
          "_id": {
            "$oid": "671bacacc6cc4cfb8b33702f"
          }
        },
        {
          "size": "XS",
          "qty": 65746,
          "price": 567,
          "_id": {
            "$oid": "671bacacc6cc4cfb8b337030"
          }
        }
      ],
      "discount": 0,
      "sold": 0,
      "_id": {
        "$oid": "671bacacc6cc4cfb8b33702e"
      }
    }
  ],
  "reviews": [],
  "createdAt": {
    "$date": "2024-10-25T14:31:28.844Z"
  },
  "updatedAt": {
    "$date": "2024-10-25T14:35:24.826Z"
  },
  "__v": 0
}
